id,applied_date,approved_date,issued_date,gender,age,marital_status,dependents,education,insurance_type,property_area,self_employed,credit_history,insurance_status,insurance_applied_date
1,01-01-2017,02-01-2017,06-01-2017,female,51,yes,1,UG,home,rural,no,no,no,NA
2,02-01-2017,05-01-2017,10-01-2017,male,46,yes,0,PG,home,rural,yes,no,yes,13-01-2017
3,03-01-2017,06-01-2017,12-01-2017,female,60,yes,3,UG,home,rural,no,no,yes,15-01-2017
4,04-01-2017,06-01-2017,11-01-2017,male,28,no,0,PG,auto,rural,no,no,no,NA
5,05-01-2017,06-01-2017,12-01-2017,male,55,yes,4,UG,home,urban,no,no,yes,15-01-2017
6,06-01-2017,07-01-2017,11-01-2017,male,40,yes,3,UG,home,rural,yes,yes,yes,11-01-2017
7,07-01-2017,10-01-2017,17-01-2017,female,46,yes,4,UG,auto,rural,yes,no,yes,23-01-2017
8,08-01-2017,09-01-2017,13-01-2017,female,45,yes,3,PG,auto,rural,yes,no,yes,14-01-2017
9,09-01-2017,11-01-2017,18-01-2017,female,57,yes,4,UG,auto,urban,yes,no,yes,20-01-2017
10,10-01-2017,11-01-2017,18-01-2017,male,52,yes,2,UG,home,urban,no,yes,yes,18-01-2017
11,11-01-2017,14-01-2017,19-01-2017,male,41,yes,2,UG,auto,urban,no,no,yes,19-01-2017
12,12-01-2017,15-01-2017,20-01-2017,male,28,yes,0,PG,home,rural,yes,yes,yes,23-01-2017
13,13-01-2017,15-01-2017,19-01-2017,female,53,yes,3,UG,home,rural,no,yes,yes,19-01-2017
14,14-01-2017,16-01-2017,23-01-2017,male,27,yes,4,UG,home,urban,yes,yes,yes,28-01-2017
15,15-01-2017,17-01-2017,23-01-2017,female,41,yes,3,PG,auto,urban,yes,yes,yes,27-01-2017
16,16-01-2017,19-01-2017,23-01-2017,female,60,yes,1,UG,home,rural,no,no,no,NA
17,17-01-2017,18-01-2017,24-01-2017,male,60,yes,4,UG,home,urban,no,no,yes,27-01-2017
18,18-01-2017,21-01-2017,25-01-2017,male,37,yes,3,UG,auto,rural,yes,no,yes,25-01-2017
19,19-01-2017,21-01-2017,27-01-2017,female,49,yes,1,UG,home,urban,yes,yes,yes,30-01-2017
20,20-01-2017,21-01-2017,27-01-2017,male,48,yes,3,UG,home,rural,yes,yes,yes,28-01-2017
21,21-01-2017,23-01-2017,30-01-2017,male,56,yes,0,UG,home,urban,no,yes,yes,05-02-2017
22,22-01-2017,24-01-2017,30-01-2017,female,29,no,2,UG,auto,urban,no,no,no,NA
23,23-01-2017,25-01-2017,30-01-2017,male,29,no,2,UG,home,urban,yes,no,yes,02-02-2017
24,24-01-2017,25-01-2017,01-02-2017,female,59,yes,3,UG,auto,urban,yes,no,yes,07-02-2017
25,25-01-2017,27-01-2017,01-02-2017,male,44,yes,4,UG,home,urban,no,yes,yes,04-02-2017
26,26-01-2017,27-01-2017,01-02-2017,female,55,yes,2,PG,home,rural,no,no,yes,04-02-2017
27,27-01-2017,30-01-2017,04-02-2017,male,49,yes,0,UG,home,urban,yes,no,yes,04-02-2017
28,28-01-2017,29-01-2017,03-02-2017,male,45,yes,2,UG,home,urban,yes,yes,yes,04-02-2017
29,29-01-2017,31-01-2017,06-02-2017,female,57,yes,0,UG,auto,urban,yes,yes,yes,10-02-2017
30,30-01-2017,02-02-2017,09-02-2017,male,46,yes,3,UG,auto,urban,no,yes,yes,12-02-2017
31,31-01-2017,02-02-2017,09-02-2017,female,34,yes,4,PG,home,rural,yes,yes,yes,16-02-2017
32,01-02-2017,04-02-2017,10-02-2017,female,38,yes,2,UG,auto,rural,no,yes,yes,11-02-2017
33,02-02-2017,05-02-2017,12-02-2017,female,57,yes,0,UG,auto,rural,yes,yes,yes,16-02-2017
34,03-02-2017,06-02-2017,13-02-2017,male,40,yes,3,UG,auto,rural,no,no,yes,16-02-2017
35,04-02-2017,06-02-2017,13-02-2017,female,33,yes,1,UG,auto,rural,yes,no,no,NA
36,05-02-2017,06-02-2017,10-02-2017,female,28,yes,0,PG,home,urban,no,no,no,NA
37,06-02-2017,07-02-2017,12-02-2017,female,27,yes,0,UG,home,urban,no,no,no,NA
38,07-02-2017,08-02-2017,13-02-2017,male,49,yes,3,UG,auto,urban,no,yes,yes,16-02-2017
39,08-02-2017,09-02-2017,16-02-2017,male,44,yes,4,UG,home,urban,yes,yes,yes,21-02-2017
40,09-02-2017,12-02-2017,16-02-2017,male,47,yes,4,UG,auto,rural,no,yes,yes,16-02-2017
41,10-02-2017,11-02-2017,17-02-2017,female,40,yes,2,UG,auto,urban,no,no,yes,20-02-2017
42,11-02-2017,14-02-2017,19-02-2017,male,55,yes,2,UG,home,urban,no,no,yes,24-02-2017
43,12-02-2017,15-02-2017,20-02-2017,female,44,yes,4,UG,home,urban,no,no,yes,22-02-2017
44,13-02-2017,16-02-2017,20-02-2017,female,29,yes,3,UG,auto,urban,no,yes,yes,21-02-2017
45,14-02-2017,17-02-2017,24-02-2017,male,53,yes,0,PG,home,urban,yes,no,yes,24-02-2017
46,15-02-2017,17-02-2017,22-02-2017,male,53,yes,2,UG,auto,urban,no,yes,yes,23-02-2017
47,16-02-2017,17-02-2017,21-02-2017,male,31,yes,4,UG,auto,rural,yes,no,yes,25-02-2017
48,17-02-2017,18-02-2017,22-02-2017,female,32,yes,3,UG,auto,urban,no,no,yes,24-02-2017
49,18-02-2017,19-02-2017,25-02-2017,female,32,yes,4,UG,home,urban,yes,yes,yes,26-02-2017
50,19-02-2017,22-02-2017,26-02-2017,female,50,yes,4,UG,auto,rural,yes,no,yes,26-02-2017
51,20-02-2017,23-02-2017,27-02-2017,female,59,yes,1,UG,auto,urban,yes,yes,yes,27-02-2017
52,21-02-2017,22-02-2017,01-03-2017,male,33,yes,3,UG,auto,rural,yes,yes,yes,04-03-2017
53,22-02-2017,23-02-2017,01-03-2017,male,53,yes,2,UG,auto,urban,no,yes,yes,02-03-2017
54,23-02-2017,24-02-2017,28-02-2017,female,54,yes,1,UG,home,rural,no,no,no,NA
55,24-02-2017,25-02-2017,03-03-2017,male,40,yes,2,UG,auto,urban,yes,yes,yes,04-03-2017
56,25-02-2017,28-02-2017,06-03-2017,male,34,yes,3,UG,auto,urban,no,yes,yes,12-03-2017
57,26-02-2017,27-02-2017,06-03-2017,male,54,yes,3,UG,auto,urban,no,no,yes,10-03-2017
58,27-02-2017,01-03-2017,06-03-2017,male,47,yes,4,UG,home,rural,no,no,yes,06-03-2017
59,28-02-2017,01-03-2017,06-03-2017,male,58,yes,0,UG,home,rural,yes,yes,yes,06-03-2017
60,01-03-2017,02-03-2017,08-03-2017,female,37,yes,4,PG,auto,rural,no,no,yes,12-03-2017
61,02-03-2017,03-03-2017,07-03-2017,male,35,yes,4,UG,home,urban,yes,no,yes,07-03-2017
62,03-03-2017,06-03-2017,10-03-2017,male,44,yes,4,UG,home,urban,no,no,yes,14-03-2017
63,04-03-2017,06-03-2017,13-03-2017,female,49,yes,4,UG,home,urban,yes,no,yes,16-03-2017
64,05-03-2017,06-03-2017,12-03-2017,male,45,yes,4,UG,home,urban,yes,no,yes,16-03-2017
65,06-03-2017,09-03-2017,15-03-2017,male,28,yes,2,UG,auto,urban,yes,no,yes,19-03-2017
66,07-03-2017,10-03-2017,16-03-2017,female,55,yes,1,UG,auto,urban,no,yes,yes,20-03-2017
67,08-03-2017,11-03-2017,16-03-2017,female,30,yes,3,UG,home,urban,no,yes,yes,20-03-2017
68,09-03-2017,12-03-2017,18-03-2017,female,41,yes,4,UG,auto,rural,no,no,yes,19-03-2017
69,10-03-2017,12-03-2017,19-03-2017,male,46,yes,4,UG,auto,urban,no,yes,yes,20-03-2017
70,11-03-2017,12-03-2017,18-03-2017,female,47,yes,4,UG,auto,urban,no,yes,yes,21-03-2017
71,12-03-2017,15-03-2017,22-03-2017,male,56,yes,4,UG,home,urban,no,no,yes,27-03-2017
72,13-03-2017,14-03-2017,19-03-2017,male,40,yes,4,UG,auto,rural,no,no,yes,24-03-2017
73,14-03-2017,15-03-2017,22-03-2017,male,29,yes,0,UG,auto,rural,yes,yes,yes,22-03-2017
74,15-03-2017,16-03-2017,21-03-2017,female,59,yes,4,UG,home,urban,yes,no,yes,22-03-2017
75,16-03-2017,19-03-2017,26-03-2017,male,56,yes,4,UG,auto,urban,yes,yes,yes,26-03-2017
76,17-03-2017,19-03-2017,26-03-2017,male,53,yes,0,UG,home,rural,no,yes,no,NA
77,18-03-2017,21-03-2017,27-03-2017,male,57,yes,0,UG,home,rural,no,no,no,NA
78,19-03-2017,20-03-2017,24-03-2017,female,45,yes,0,PG,auto,rural,no,no,no,NA
79,20-03-2017,22-03-2017,29-03-2017,male,30,no,0,UG,home,rural,yes,yes,no,NA
80,21-03-2017,22-03-2017,28-03-2017,male,34,yes,0,UG,auto,rural,no,yes,no,NA
81,22-03-2017,25-03-2017,01-04-2017,male,49,yes,0,PG,auto,rural,yes,yes,yes,02-04-2017
82,23-03-2017,26-03-2017,31-03-2017,male,34,yes,0,UG,auto,urban,no,no,no,NA
83,24-03-2017,26-03-2017,31-03-2017,female,60,yes,1,PG,home,rural,yes,no,yes,05-04-2017
84,25-03-2017,27-03-2017,02-04-2017,male,56,yes,1,PG,auto,rural,no,yes,yes,07-04-2017
85,26-03-2017,29-03-2017,03-04-2017,female,56,yes,4,UG,home,rural,no,no,yes,06-04-2017
86,27-03-2017,28-03-2017,03-04-2017,female,28,no,1,UG,home,urban,yes,no,no,NA
87,28-03-2017,31-03-2017,04-04-2017,male,37,yes,0,UG,auto,rural,no,yes,yes,04-04-2017
88,29-03-2017,30-03-2017,03-04-2017,female,54,yes,2,UG,home,urban,yes,no,yes,06-04-2017
89,30-03-2017,31-03-2017,04-04-2017,female,56,yes,1,UG,home,rural,yes,no,no,NA
90,31-03-2017,01-04-2017,05-04-2017,male,30,no,2,UG,home,rural,yes,yes,yes,06-04-2017
91,01-04-2017,02-04-2017,07-04-2017,female,45,yes,0,UG,home,urban,no,no,no,NA
92,02-04-2017,04-04-2017,09-04-2017,female,60,yes,2,UG,home,rural,no,yes,yes,11-04-2017
93,03-04-2017,06-04-2017,10-04-2017,male,40,yes,2,UG,home,urban,no,yes,yes,10-04-2017
94,04-04-2017,06-04-2017,13-04-2017,female,53,yes,2,UG,auto,rural,yes,yes,yes,15-04-2017
95,05-04-2017,07-04-2017,11-04-2017,male,56,yes,1,UG,auto,rural,yes,no,yes,12-04-2017
96,06-04-2017,07-04-2017,14-04-2017,male,49,yes,3,UG,home,urban,yes,yes,yes,15-04-2017
97,07-04-2017,10-04-2017,16-04-2017,female,39,yes,2,UG,auto,urban,yes,no,yes,17-04-2017
98,08-04-2017,09-04-2017,15-04-2017,male,49,yes,3,UG,auto,rural,yes,no,yes,19-04-2017
99,09-04-2017,10-04-2017,14-04-2017,female,59,yes,4,UG,home,rural,no,no,yes,18-04-2017
100,10-04-2017,11-04-2017,17-04-2017,male,60,yes,0,UG,auto,rural,no,no,no,NA
101,11-04-2017,14-04-2017,18-04-2017,female,55,yes,3,UG,home,rural,no,yes,yes,20-04-2017
102,12-04-2017,15-04-2017,19-04-2017,female,42,yes,1,UG,auto,urban,yes,no,yes,19-04-2017
103,13-04-2017,16-04-2017,22-04-2017,male,31,yes,2,PG,auto,urban,yes,no,yes,22-04-2017
104,14-04-2017,15-04-2017,21-04-2017,male,37,yes,3,UG,auto,rural,no,yes,yes,22-04-2017
105,15-04-2017,17-04-2017,22-04-2017,female,47,yes,3,PG,home,urban,no,no,yes,22-04-2017
106,16-04-2017,18-04-2017,25-04-2017,male,28,no,2,UG,auto,rural,yes,yes,yes,01-05-2017
107,17-04-2017,18-04-2017,23-04-2017,female,36,yes,0,UG,auto,rural,no,no,no,NA
108,18-04-2017,20-04-2017,26-04-2017,female,48,yes,4,UG,auto,urban,no,no,yes,28-04-2017
109,19-04-2017,22-04-2017,29-04-2017,female,48,yes,1,UG,home,rural,yes,yes,yes,05-05-2017
110,20-04-2017,21-04-2017,26-04-2017,male,33,yes,4,UG,home,urban,no,yes,yes,26-04-2017
111,21-04-2017,23-04-2017,28-04-2017,female,33,yes,1,UG,home,urban,no,no,no,NA
112,22-04-2017,23-04-2017,27-04-2017,male,60,yes,4,PG,auto,rural,no,yes,yes,30-04-2017
113,23-04-2017,24-04-2017,28-04-2017,male,34,yes,4,UG,home,rural,yes,no,yes,28-04-2017
114,24-04-2017,27-04-2017,04-05-2017,male,30,yes,3,UG,auto,urban,no,yes,yes,09-05-2017
115,25-04-2017,26-04-2017,02-05-2017,male,43,yes,3,UG,home,urban,no,yes,yes,03-05-2017
116,26-04-2017,27-04-2017,02-05-2017,male,28,yes,2,UG,home,urban,no,yes,yes,05-05-2017
117,27-04-2017,29-04-2017,04-05-2017,female,58,yes,2,UG,home,rural,no,yes,yes,09-05-2017
118,28-04-2017,30-04-2017,06-05-2017,female,49,yes,1,UG,home,rural,yes,yes,yes,07-05-2017
119,29-04-2017,30-04-2017,04-05-2017,male,45,yes,2,UG,auto,urban,yes,yes,yes,08-05-2017
120,30-04-2017,02-05-2017,06-05-2017,female,58,yes,3,UG,home,rural,no,no,yes,06-05-2017
121,01-05-2017,03-05-2017,09-05-2017,female,54,yes,3,UG,auto,rural,no,no,yes,09-05-2017
122,02-05-2017,04-05-2017,11-05-2017,male,33,yes,3,UG,home,urban,yes,no,yes,14-05-2017
123,03-05-2017,05-05-2017,11-05-2017,male,32,yes,4,UG,auto,urban,no,no,yes,12-05-2017
124,04-05-2017,07-05-2017,13-05-2017,male,58,yes,4,UG,home,urban,yes,yes,yes,18-05-2017
125,05-05-2017,08-05-2017,12-05-2017,male,27,yes,1,UG,auto,urban,no,no,yes,16-05-2017
126,06-05-2017,09-05-2017,14-05-2017,male,38,yes,3,UG,auto,rural,no,no,yes,17-05-2017
127,07-05-2017,10-05-2017,15-05-2017,male,42,yes,1,UG,home,rural,no,yes,yes,15-05-2017
128,08-05-2017,10-05-2017,14-05-2017,male,39,yes,1,UG,auto,rural,no,no,yes,14-05-2017
129,09-05-2017,10-05-2017,16-05-2017,female,27,no,1,UG,auto,urban,no,yes,no,NA
130,10-05-2017,12-05-2017,19-05-2017,male,52,yes,2,UG,auto,rural,yes,yes,yes,22-05-2017
131,11-05-2017,13-05-2017,19-05-2017,female,41,yes,0,UG,home,urban,no,yes,no,NA
132,12-05-2017,13-05-2017,18-05-2017,male,28,yes,1,UG,home,urban,no,no,no,NA
133,13-05-2017,14-05-2017,19-05-2017,male,47,yes,4,UG,home,rural,yes,no,yes,23-05-2017
134,14-05-2017,17-05-2017,22-05-2017,male,29,no,0,UG,auto,rural,yes,yes,no,NA
135,15-05-2017,17-05-2017,23-05-2017,female,45,yes,0,UG,home,urban,no,no,no,NA
136,16-05-2017,17-05-2017,21-05-2017,male,52,yes,4,PG,home,rural,yes,yes,yes,23-05-2017
137,17-05-2017,20-05-2017,26-05-2017,male,55,yes,1,UG,home,rural,yes,yes,yes,30-05-2017
138,18-05-2017,19-05-2017,25-05-2017,male,39,yes,3,UG,home,urban,yes,yes,yes,31-05-2017
139,19-05-2017,22-05-2017,27-05-2017,male,50,yes,1,UG,auto,rural,no,yes,yes,27-05-2017
140,20-05-2017,21-05-2017,28-05-2017,female,50,yes,0,UG,auto,urban,yes,no,yes,31-05-2017
141,21-05-2017,22-05-2017,27-05-2017,male,35,yes,0,UG,home,rural,yes,no,no,NA
142,22-05-2017,25-05-2017,29-05-2017,male,29,yes,2,UG,auto,urban,yes,no,yes,31-05-2017
143,23-05-2017,24-05-2017,30-05-2017,female,43,yes,2,UG,auto,rural,yes,no,yes,05-06-2017
144,24-05-2017,25-05-2017,31-05-2017,male,50,yes,0,UG,auto,rural,no,no,no,NA
145,25-05-2017,28-05-2017,03-06-2017,female,51,yes,0,UG,auto,urban,yes,yes,yes,03-06-2017
146,26-05-2017,29-05-2017,02-06-2017,male,57,yes,4,UG,auto,rural,no,yes,yes,05-06-2017
147,27-05-2017,30-05-2017,06-06-2017,male,59,yes,1,UG,auto,rural,no,yes,yes,07-06-2017
148,28-05-2017,30-05-2017,04-06-2017,male,60,yes,1,UG,auto,urban,no,no,yes,08-06-2017
149,29-05-2017,01-06-2017,07-06-2017,male,51,yes,1,UG,home,urban,yes,yes,yes,13-06-2017
150,30-05-2017,01-06-2017,08-06-2017,male,34,yes,1,UG,auto,rural,yes,no,yes,10-06-2017
151,31-05-2017,02-06-2017,08-06-2017,male,58,yes,0,UG,auto,urban,no,no,yes,10-06-2017
152,01-06-2017,03-06-2017,07-06-2017,female,48,yes,3,UG,home,urban,yes,no,yes,09-06-2017
153,02-06-2017,03-06-2017,08-06-2017,male,34,yes,2,UG,home,urban,no,yes,yes,09-06-2017
154,03-06-2017,04-06-2017,10-06-2017,female,42,yes,2,UG,auto,urban,yes,no,yes,12-06-2017
155,04-06-2017,05-06-2017,10-06-2017,female,45,yes,3,UG,home,urban,no,no,yes,15-06-2017
156,05-06-2017,06-06-2017,12-06-2017,male,41,yes,2,UG,auto,rural,yes,yes,yes,16-06-2017
157,06-06-2017,08-06-2017,13-06-2017,female,44,yes,2,UG,home,urban,yes,yes,yes,18-06-2017
158,07-06-2017,08-06-2017,14-06-2017,female,34,yes,3,UG,auto,urban,no,yes,yes,16-06-2017
159,08-06-2017,10-06-2017,16-06-2017,male,59,yes,0,UG,home,urban,yes,yes,yes,19-06-2017
160,09-06-2017,10-06-2017,14-06-2017,female,30,yes,2,UG,home,urban,yes,yes,yes,14-06-2017
161,10-06-2017,13-06-2017,18-06-2017,female,43,yes,2,UG,auto,rural,no,yes,yes,20-06-2017
162,11-06-2017,14-06-2017,20-06-2017,male,35,yes,4,UG,auto,urban,yes,yes,yes,22-06-2017
163,12-06-2017,14-06-2017,18-06-2017,female,34,yes,1,UG,auto,rural,yes,yes,yes,21-06-2017
164,13-06-2017,14-06-2017,18-06-2017,male,44,yes,4,UG,home,rural,no,yes,yes,20-06-2017
165,14-06-2017,16-06-2017,22-06-2017,male,40,yes,0,UG,auto,urban,yes,yes,yes,27-06-2017
166,15-06-2017,17-06-2017,24-06-2017,male,31,yes,4,UG,auto,urban,no,no,yes,30-06-2017
167,16-06-2017,18-06-2017,22-06-2017,male,35,yes,4,UG,auto,rural,no,yes,yes,24-06-2017
168,17-06-2017,20-06-2017,24-06-2017,female,50,yes,1,UG,home,urban,yes,no,yes,25-06-2017
169,18-06-2017,21-06-2017,25-06-2017,female,35,yes,0,UG,auto,rural,yes,no,no,NA
170,19-06-2017,20-06-2017,27-06-2017,female,49,yes,2,UG,auto,rural,no,no,yes,29-06-2017
171,20-06-2017,22-06-2017,28-06-2017,male,58,yes,3,UG,home,rural,no,yes,yes,29-06-2017
172,21-06-2017,22-06-2017,28-06-2017,male,48,yes,0,UG,auto,urban,no,yes,yes,04-07-2017
173,22-06-2017,24-06-2017,29-06-2017,male,41,yes,1,UG,auto,urban,no,yes,yes,02-07-2017
174,23-06-2017,25-06-2017,01-07-2017,female,42,yes,0,UG,auto,urban,no,yes,yes,07-07-2017
175,24-06-2017,27-06-2017,01-07-2017,female,42,yes,4,UG,home,urban,yes,yes,yes,02-07-2017
176,25-06-2017,27-06-2017,03-07-2017,female,33,yes,3,UG,auto,urban,no,no,yes,06-07-2017
177,26-06-2017,29-06-2017,04-07-2017,female,53,yes,1,UG,home,urban,yes,no,yes,08-07-2017
178,27-06-2017,28-06-2017,04-07-2017,female,47,yes,0,UG,auto,urban,yes,no,yes,07-07-2017
179,28-06-2017,29-06-2017,03-07-2017,female,43,yes,1,UG,home,urban,no,no,no,NA
180,29-06-2017,30-06-2017,04-07-2017,male,42,yes,3,UG,auto,urban,no,yes,yes,05-07-2017
181,30-06-2017,03-07-2017,09-07-2017,male,29,no,0,UG,home,rural,yes,no,no,NA
182,01-07-2017,03-07-2017,08-07-2017,female,28,yes,3,UG,auto,urban,no,no,yes,11-07-2017
183,02-07-2017,03-07-2017,08-07-2017,male,52,yes,4,UG,home,urban,no,no,yes,08-07-2017
184,03-07-2017,05-07-2017,11-07-2017,male,38,yes,1,UG,home,rural,yes,yes,yes,15-07-2017
185,04-07-2017,06-07-2017,11-07-2017,female,31,yes,2,UG,home,rural,yes,no,no,NA
186,05-07-2017,06-07-2017,11-07-2017,male,33,yes,3,UG,home,urban,yes,no,yes,16-07-2017
187,06-07-2017,07-07-2017,13-07-2017,female,34,yes,1,UG,auto,rural,yes,yes,yes,18-07-2017
188,07-07-2017,09-07-2017,15-07-2017,female,60,yes,0,UG,auto,urban,no,no,no,NA
189,08-07-2017,09-07-2017,16-07-2017,male,29,yes,0,UG,home,urban,yes,yes,yes,21-07-2017
190,09-07-2017,12-07-2017,17-07-2017,male,30,no,2,UG,auto,rural,no,yes,yes,17-07-2017
191,10-07-2017,13-07-2017,20-07-2017,female,53,yes,1,UG,auto,urban,no,yes,yes,25-07-2017
192,11-07-2017,12-07-2017,17-07-2017,female,39,yes,4,UG,home,urban,no,yes,yes,20-07-2017
193,12-07-2017,14-07-2017,18-07-2017,female,52,yes,3,UG,auto,rural,no,yes,yes,19-07-2017
194,13-07-2017,15-07-2017,22-07-2017,female,44,yes,1,UG,auto,rural,yes,yes,yes,22-07-2017
195,14-07-2017,16-07-2017,23-07-2017,female,37,yes,0,UG,auto,rural,yes,no,no,NA
196,15-07-2017,17-07-2017,21-07-2017,male,60,yes,2,UG,home,rural,yes,no,yes,22-07-2017
197,16-07-2017,17-07-2017,23-07-2017,male,42,yes,1,UG,home,rural,yes,no,yes,29-07-2017
198,17-07-2017,18-07-2017,25-07-2017,male,36,yes,4,UG,auto,urban,yes,no,yes,28-07-2017
199,18-07-2017,19-07-2017,26-07-2017,male,28,yes,2,UG,home,rural,yes,yes,yes,28-07-2017
200,19-07-2017,22-07-2017,27-07-2017,male,53,yes,2,UG,auto,urban,yes,no,yes,27-07-2017
201,20-07-2017,21-07-2017,28-07-2017,female,35,yes,4,UG,home,urban,yes,no,yes,04-08-2017
202,21-07-2017,23-07-2017,30-07-2017,female,41,yes,2,PG,home,urban,yes,no,yes,31-07-2017
203,22-07-2017,23-07-2017,30-07-2017,female,34,yes,4,UG,home,rural,no,no,yes,05-08-2017
204,23-07-2017,25-07-2017,30-07-2017,male,46,yes,0,UG,home,rural,yes,yes,yes,02-08-2017
205,24-07-2017,27-07-2017,01-08-2017,male,57,yes,0,UG,home,rural,yes,no,no,NA
206,25-07-2017,26-07-2017,02-08-2017,female,42,yes,3,UG,home,rural,no,no,yes,09-08-2017
207,26-07-2017,27-07-2017,03-08-2017,male,45,yes,1,UG,auto,rural,yes,no,yes,05-08-2017
208,27-07-2017,28-07-2017,02-08-2017,female,30,no,1,UG,home,urban,yes,yes,no,NA
209,28-07-2017,31-07-2017,05-08-2017,male,42,yes,2,UG,auto,urban,yes,yes,yes,06-08-2017
210,29-07-2017,01-08-2017,05-08-2017,male,35,yes,2,PG,auto,rural,no,yes,yes,07-08-2017
211,30-07-2017,31-07-2017,07-08-2017,male,44,yes,3,PG,home,rural,yes,yes,yes,08-08-2017
212,31-07-2017,01-08-2017,05-08-2017,female,32,yes,0,UG,home,urban,yes,yes,no,NA
213,01-08-2017,04-08-2017,11-08-2017,female,37,yes,4,PG,auto,urban,no,yes,yes,18-08-2017
214,02-08-2017,04-08-2017,11-08-2017,male,36,yes,1,UG,auto,rural,no,yes,yes,13-08-2017
215,03-08-2017,05-08-2017,10-08-2017,male,60,yes,0,UG,auto,rural,no,no,no,NA
216,04-08-2017,05-08-2017,11-08-2017,female,47,yes,2,UG,auto,rural,yes,no,yes,13-08-2017
217,05-08-2017,07-08-2017,11-08-2017,female,48,yes,2,UG,auto,urban,no,yes,yes,15-08-2017
218,06-08-2017,08-08-2017,14-08-2017,female,27,yes,3,UG,home,urban,no,no,yes,14-08-2017
219,07-08-2017,10-08-2017,14-08-2017,male,42,yes,2,UG,home,rural,yes,yes,yes,14-08-2017
220,08-08-2017,11-08-2017,15-08-2017,female,52,yes,4,UG,home,urban,no,no,yes,16-08-2017
221,09-08-2017,11-08-2017,17-08-2017,female,50,yes,4,UG,auto,urban,yes,yes,yes,18-08-2017
222,10-08-2017,12-08-2017,19-08-2017,female,30,yes,4,UG,home,rural,yes,no,yes,22-08-2017
223,11-08-2017,14-08-2017,19-08-2017,female,57,yes,4,PG,home,rural,no,yes,yes,22-08-2017
224,12-08-2017,15-08-2017,19-08-2017,male,41,yes,0,UG,auto,rural,no,no,no,NA
225,13-08-2017,14-08-2017,20-08-2017,female,29,yes,2,UG,home,urban,yes,yes,yes,24-08-2017
226,14-08-2017,16-08-2017,20-08-2017,female,39,yes,1,UG,auto,rural,yes,no,yes,23-08-2017
227,15-08-2017,17-08-2017,24-08-2017,female,32,yes,0,UG,auto,urban,yes,no,no,NA
228,16-08-2017,17-08-2017,23-08-2017,male,54,yes,0,UG,auto,urban,yes,no,yes,23-08-2017
229,17-08-2017,19-08-2017,25-08-2017,male,50,yes,1,PG,auto,urban,no,yes,yes,27-08-2017
230,18-08-2017,21-08-2017,27-08-2017,female,33,yes,4,UG,auto,urban,yes,no,yes,28-08-2017
231,19-08-2017,20-08-2017,27-08-2017,male,38,yes,0,UG,auto,urban,yes,yes,yes,28-08-2017
232,20-08-2017,22-08-2017,29-08-2017,male,51,yes,3,PG,home,urban,yes,yes,yes,02-09-2017
233,21-08-2017,24-08-2017,28-08-2017,female,50,yes,1,UG,home,rural,no,no,no,NA
234,22-08-2017,24-08-2017,31-08-2017,male,33,yes,2,UG,home,rural,no,no,no,NA
235,23-08-2017,24-08-2017,31-08-2017,male,48,yes,3,UG,home,urban,yes,yes,yes,05-09-2017
236,24-08-2017,27-08-2017,01-09-2017,female,59,yes,4,UG,auto,urban,yes,yes,yes,04-09-2017
237,25-08-2017,28-08-2017,03-09-2017,female,53,yes,1,UG,auto,urban,yes,yes,yes,09-09-2017
238,26-08-2017,29-08-2017,05-09-2017,male,40,yes,1,UG,home,urban,yes,yes,yes,05-09-2017
239,27-08-2017,30-08-2017,06-09-2017,female,43,yes,3,UG,auto,urban,yes,yes,yes,08-09-2017
240,28-08-2017,31-08-2017,04-09-2017,male,57,yes,0,UG,home,rural,yes,yes,yes,04-09-2017
241,29-08-2017,30-08-2017,03-09-2017,male,57,yes,1,UG,home,urban,no,yes,yes,05-09-2017
242,30-08-2017,02-09-2017,09-09-2017,male,35,yes,0,PG,home,urban,no,no,no,NA
243,31-08-2017,01-09-2017,05-09-2017,female,37,yes,1,UG,auto,urban,yes,no,yes,07-09-2017
244,01-09-2017,03-09-2017,09-09-2017,male,52,yes,4,UG,home,urban,yes,yes,yes,14-09-2017
245,02-09-2017,03-09-2017,10-09-2017,female,33,yes,1,UG,home,urban,no,no,no,NA
246,03-09-2017,06-09-2017,12-09-2017,female,59,yes,0,UG,home,rural,no,no,no,NA
247,04-09-2017,07-09-2017,13-09-2017,male,32,yes,2,UG,auto,rural,no,yes,yes,15-09-2017
248,05-09-2017,08-09-2017,12-09-2017,male,35,yes,0,PG,home,rural,no,no,no,NA
249,06-09-2017,07-09-2017,11-09-2017,female,44,yes,1,PG,home,urban,yes,yes,yes,14-09-2017
250,07-09-2017,08-09-2017,15-09-2017,male,60,yes,0,UG,auto,urban,no,no,yes,17-09-2017
251,08-09-2017,10-09-2017,16-09-2017,male,46,yes,1,PG,auto,rural,no,yes,yes,17-09-2017
252,09-09-2017,11-09-2017,18-09-2017,female,45,yes,2,UG,auto,rural,no,yes,yes,25-09-2017
253,10-09-2017,12-09-2017,17-09-2017,female,43,yes,0,UG,auto,urban,yes,no,yes,20-09-2017
254,11-09-2017,14-09-2017,19-09-2017,male,33,yes,0,UG,home,urban,yes,yes,yes,24-09-2017
255,12-09-2017,15-09-2017,20-09-2017,female,40,yes,3,UG,auto,rural,yes,yes,yes,25-09-2017
256,13-09-2017,15-09-2017,20-09-2017,male,35,yes,2,UG,auto,urban,yes,no,yes,25-09-2017
257,14-09-2017,17-09-2017,23-09-2017,female,58,yes,1,UG,auto,rural,yes,no,yes,27-09-2017
258,15-09-2017,18-09-2017,22-09-2017,female,57,yes,3,UG,home,rural,yes,yes,yes,24-09-2017
259,16-09-2017,19-09-2017,24-09-2017,female,47,yes,0,UG,home,rural,yes,no,no,NA
260,17-09-2017,19-09-2017,23-09-2017,male,36,yes,0,UG,home,urban,no,no,no,NA
261,18-09-2017,20-09-2017,26-09-2017,female,34,yes,3,UG,auto,urban,no,yes,yes,26-09-2017
262,19-09-2017,21-09-2017,25-09-2017,female,40,yes,0,UG,home,rural,no,no,no,NA
263,20-09-2017,21-09-2017,27-09-2017,female,58,yes,3,UG,home,urban,no,no,yes,01-10-2017
264,21-09-2017,22-09-2017,28-09-2017,female,49,yes,4,UG,auto,rural,yes,yes,yes,03-10-2017
265,22-09-2017,25-09-2017,29-09-2017,male,55,yes,4,UG,home,urban,no,yes,yes,30-09-2017
266,23-09-2017,25-09-2017,30-09-2017,male,42,yes,3,PG,auto,urban,yes,no,yes,02-10-2017
267,24-09-2017,27-09-2017,01-10-2017,male,38,yes,2,UG,auto,rural,yes,yes,yes,04-10-2017
268,25-09-2017,26-09-2017,01-10-2017,male,43,yes,4,UG,auto,urban,no,no,yes,02-10-2017
269,26-09-2017,29-09-2017,06-10-2017,female,47,yes,2,UG,home,rural,no,no,no,NA
270,27-09-2017,30-09-2017,04-10-2017,female,41,yes,1,UG,auto,urban,yes,yes,yes,05-10-2017
271,28-09-2017,29-09-2017,03-10-2017,female,47,yes,4,UG,home,urban,no,no,yes,03-10-2017
272,29-09-2017,30-09-2017,07-10-2017,male,46,yes,2,UG,auto,urban,yes,no,yes,14-10-2017
273,30-09-2017,01-10-2017,05-10-2017,male,32,yes,2,UG,auto,urban,yes,yes,yes,06-10-2017
274,01-10-2017,03-10-2017,09-10-2017,female,59,yes,0,UG,auto,urban,no,no,no,NA
275,02-10-2017,05-10-2017,09-10-2017,female,27,yes,2,UG,auto,rural,yes,no,yes,13-10-2017
276,03-10-2017,05-10-2017,09-10-2017,male,28,no,1,UG,home,rural,no,no,no,NA
277,04-10-2017,06-10-2017,13-10-2017,male,42,yes,1,UG,auto,urban,yes,no,yes,18-10-2017
278,05-10-2017,07-10-2017,13-10-2017,female,38,yes,4,UG,auto,urban,no,no,yes,13-10-2017
279,06-10-2017,09-10-2017,16-10-2017,female,37,yes,0,PG,home,rural,no,no,no,NA
280,07-10-2017,10-10-2017,17-10-2017,female,49,yes,4,UG,home,urban,no,yes,yes,20-10-2017
281,08-10-2017,10-10-2017,16-10-2017,male,36,yes,0,UG,auto,rural,no,no,no,NA
282,09-10-2017,12-10-2017,19-10-2017,female,31,yes,0,UG,auto,rural,yes,no,no,NA
283,10-10-2017,13-10-2017,20-10-2017,female,45,yes,4,UG,auto,rural,no,yes,yes,25-10-2017
284,11-10-2017,14-10-2017,19-10-2017,male,56,yes,2,UG,auto,rural,yes,no,yes,21-10-2017
285,12-10-2017,14-10-2017,21-10-2017,female,27,yes,4,UG,home,urban,yes,no,yes,22-10-2017
286,13-10-2017,16-10-2017,21-10-2017,female,40,yes,2,UG,auto,rural,yes,yes,yes,25-10-2017
287,14-10-2017,15-10-2017,22-10-2017,female,52,yes,1,UG,home,rural,yes,yes,yes,26-10-2017
288,15-10-2017,17-10-2017,24-10-2017,male,34,yes,3,UG,auto,urban,no,yes,yes,25-10-2017
289,16-10-2017,17-10-2017,23-10-2017,female,57,yes,4,UG,auto,rural,no,yes,yes,26-10-2017
290,17-10-2017,20-10-2017,25-10-2017,male,57,yes,3,UG,home,rural,yes,yes,yes,27-10-2017
291,18-10-2017,19-10-2017,25-10-2017,female,27,no,2,PG,home,rural,no,yes,no,NA
292,19-10-2017,20-10-2017,27-10-2017,male,30,no,0,UG,home,rural,yes,no,no,NA
293,20-10-2017,23-10-2017,29-10-2017,female,50,yes,1,UG,home,rural,no,yes,no,NA
294,21-10-2017,22-10-2017,27-10-2017,male,46,yes,4,UG,auto,urban,no,yes,yes,31-10-2017
295,22-10-2017,25-10-2017,31-10-2017,male,42,yes,4,UG,auto,urban,yes,yes,yes,02-11-2017
296,23-10-2017,26-10-2017,30-10-2017,male,51,yes,1,PG,auto,rural,no,yes,yes,31-10-2017
297,24-10-2017,25-10-2017,29-10-2017,female,42,yes,1,UG,home,rural,yes,no,no,NA
298,25-10-2017,28-10-2017,04-11-2017,female,45,yes,2,UG,auto,urban,yes,yes,yes,11-11-2017
299,26-10-2017,28-10-2017,03-11-2017,female,49,yes,4,UG,auto,urban,yes,no,yes,07-11-2017
300,27-10-2017,30-10-2017,06-11-2017,male,36,yes,4,UG,auto,urban,yes,yes,yes,08-11-2017
301,28-10-2017,30-10-2017,03-11-2017,female,27,yes,0,UG,auto,rural,no,no,no,NA
302,29-10-2017,31-10-2017,06-11-2017,male,56,yes,2,UG,home,urban,yes,yes,yes,06-11-2017
303,30-10-2017,02-11-2017,07-11-2017,female,43,yes,4,UG,home,rural,yes,no,yes,07-11-2017
304,31-10-2017,03-11-2017,09-11-2017,female,36,yes,1,UG,auto,rural,yes,no,yes,13-11-2017
305,01-11-2017,03-11-2017,09-11-2017,female,35,yes,1,UG,auto,urban,yes,no,yes,14-11-2017
306,02-11-2017,05-11-2017,12-11-2017,male,50,yes,4,UG,home,rural,yes,no,yes,16-11-2017
307,03-11-2017,05-11-2017,09-11-2017,male,57,yes,3,UG,auto,urban,no,yes,yes,12-11-2017
308,04-11-2017,07-11-2017,12-11-2017,female,39,yes,2,UG,auto,urban,no,yes,yes,17-11-2017
309,05-11-2017,08-11-2017,15-11-2017,female,43,yes,1,UG,home,rural,no,yes,no,NA
310,06-11-2017,09-11-2017,13-11-2017,male,30,no,1,PG,home,rural,no,no,no,NA
311,07-11-2017,10-11-2017,16-11-2017,female,46,yes,1,UG,auto,rural,no,no,no,NA
312,08-11-2017,09-11-2017,16-11-2017,female,28,no,1,UG,home,rural,yes,yes,no,NA
313,09-11-2017,12-11-2017,19-11-2017,male,44,yes,2,UG,home,rural,no,yes,yes,20-11-2017
314,10-11-2017,13-11-2017,20-11-2017,male,57,yes,2,UG,auto,rural,no,no,yes,25-11-2017
315,11-11-2017,12-11-2017,19-11-2017,female,44,yes,3,UG,home,rural,no,yes,yes,24-11-2017
316,12-11-2017,13-11-2017,19-11-2017,male,35,yes,2,UG,home,urban,yes,yes,yes,19-11-2017
317,13-11-2017,14-11-2017,20-11-2017,female,31,yes,2,UG,auto,rural,no,no,no,NA
318,14-11-2017,16-11-2017,23-11-2017,male,32,yes,4,UG,home,rural,yes,no,yes,26-11-2017
319,15-11-2017,18-11-2017,24-11-2017,male,52,yes,4,UG,auto,urban,no,yes,yes,26-11-2017
320,16-11-2017,17-11-2017,22-11-2017,male,48,yes,2,UG,home,urban,yes,no,yes,24-11-2017
321,17-11-2017,19-11-2017,26-11-2017,female,40,yes,3,UG,auto,urban,yes,no,yes,03-12-2017
322,18-11-2017,20-11-2017,25-11-2017,female,33,yes,2,UG,home,urban,yes,yes,yes,27-11-2017
323,19-11-2017,22-11-2017,29-11-2017,female,30,yes,2,UG,home,rural,no,no,no,NA
324,20-11-2017,22-11-2017,28-11-2017,female,53,yes,2,PG,auto,urban,yes,no,yes,28-11-2017
325,21-11-2017,24-11-2017,29-11-2017,female,57,yes,2,UG,home,rural,no,no,no,NA
326,22-11-2017,24-11-2017,29-11-2017,male,49,yes,1,PG,home,urban,no,no,yes,01-12-2017
327,23-11-2017,26-11-2017,02-12-2017,male,41,yes,2,UG,home,rural,no,yes,yes,02-12-2017
328,24-11-2017,27-11-2017,03-12-2017,female,60,yes,0,UG,auto,rural,no,yes,no,NA
329,25-11-2017,28-11-2017,02-12-2017,male,42,yes,2,UG,auto,urban,yes,yes,yes,06-12-2017
330,26-11-2017,27-11-2017,03-12-2017,male,56,yes,2,UG,auto,rural,no,no,yes,04-12-2017
331,27-11-2017,29-11-2017,03-12-2017,female,33,yes,2,UG,home,urban,no,yes,yes,07-12-2017
332,28-11-2017,29-11-2017,06-12-2017,female,30,yes,4,UG,home,urban,yes,no,yes,09-12-2017
333,29-11-2017,30-11-2017,06-12-2017,female,59,yes,4,UG,home,rural,yes,no,yes,08-12-2017
334,30-11-2017,03-12-2017,09-12-2017,male,45,yes,0,PG,auto,urban,yes,yes,yes,09-12-2017
335,01-12-2017,04-12-2017,09-12-2017,male,36,yes,3,PG,home,rural,no,no,yes,11-12-2017
336,02-12-2017,03-12-2017,07-12-2017,female,46,yes,3,UG,home,urban,yes,no,yes,09-12-2017
337,03-12-2017,06-12-2017,12-12-2017,male,53,yes,4,UG,auto,rural,yes,yes,yes,15-12-2017
338,04-12-2017,06-12-2017,10-12-2017,female,43,yes,4,UG,auto,rural,no,yes,yes,14-12-2017
339,05-12-2017,08-12-2017,15-12-2017,female,33,yes,1,PG,auto,rural,yes,no,yes,15-12-2017
340,06-12-2017,09-12-2017,15-12-2017,male,39,yes,1,UG,auto,urban,yes,yes,yes,20-12-2017
341,07-12-2017,10-12-2017,15-12-2017,female,49,yes,0,UG,home,rural,no,no,no,NA
342,08-12-2017,10-12-2017,16-12-2017,male,54,yes,0,UG,auto,urban,yes,yes,yes,22-12-2017
343,09-12-2017,12-12-2017,16-12-2017,male,36,yes,2,UG,home,urban,no,no,yes,20-12-2017
344,10-12-2017,13-12-2017,20-12-2017,male,38,yes,0,PG,home,rural,no,no,no,NA
345,11-12-2017,13-12-2017,17-12-2017,male,60,yes,3,PG,auto,rural,yes,yes,yes,17-12-2017
346,12-12-2017,13-12-2017,18-12-2017,male,60,yes,2,UG,auto,urban,no,no,yes,18-12-2017
347,13-12-2017,16-12-2017,22-12-2017,female,56,yes,3,UG,auto,rural,no,yes,yes,26-12-2017
348,14-12-2017,15-12-2017,22-12-2017,female,27,yes,1,UG,home,urban,no,yes,no,NA
349,15-12-2017,17-12-2017,21-12-2017,male,40,yes,0,UG,auto,rural,yes,no,yes,22-12-2017
350,16-12-2017,18-12-2017,24-12-2017,female,40,yes,1,UG,auto,urban,no,yes,yes,28-12-2017
351,17-12-2017,18-12-2017,23-12-2017,male,42,yes,2,UG,home,urban,yes,no,yes,23-12-2017
352,18-12-2017,19-12-2017,23-12-2017,male,44,yes,2,UG,home,rural,yes,no,yes,24-12-2017
353,19-12-2017,22-12-2017,27-12-2017,female,50,yes,1,UG,home,rural,yes,yes,yes,28-12-2017
354,20-12-2017,22-12-2017,28-12-2017,male,42,yes,1,UG,home,rural,no,yes,yes,28-12-2017
355,21-12-2017,22-12-2017,26-12-2017,female,35,yes,2,UG,home,rural,no,yes,no,NA
356,22-12-2017,24-12-2017,29-12-2017,male,52,yes,3,UG,auto,urban,no,no,yes,02-01-2018
357,23-12-2017,25-12-2017,30-12-2017,female,57,yes,1,UG,home,rural,no,no,no,NA
358,24-12-2017,25-12-2017,29-12-2017,female,60,yes,2,UG,auto,rural,yes,no,yes,31-12-2017
359,25-12-2017,28-12-2017,04-01-2018,female,35,yes,4,UG,auto,urban,yes,no,yes,05-01-2018
360,26-12-2017,27-12-2017,03-01-2018,female,33,yes,3,UG,home,urban,yes,yes,yes,04-01-2018
361,27-12-2017,30-12-2017,04-01-2018,male,48,yes,4,UG,home,urban,yes,yes,yes,08-01-2018
362,28-12-2017,29-12-2017,03-01-2018,male,27,no,2,UG,auto,rural,no,no,no,NA
363,29-12-2017,01-01-2018,05-01-2018,female,40,yes,1,UG,home,rural,yes,no,no,NA
364,30-12-2017,31-12-2017,07-01-2018,male,45,yes,2,UG,home,urban,no,yes,yes,14-01-2018
365,31-12-2017,03-01-2018,07-01-2018,male,40,yes,3,UG,auto,urban,no,no,yes,07-01-2018
366,01-01-2018,02-01-2018,08-01-2018,male,47,yes,0,UG,home,urban,no,no,no,NA
367,02-01-2018,04-01-2018,08-01-2018,male,56,yes,2,UG,home,urban,no,yes,yes,08-01-2018
368,03-01-2018,05-01-2018,12-01-2018,female,35,yes,1,UG,home,urban,yes,no,no,NA
369,04-01-2018,05-01-2018,10-01-2018,male,32,yes,4,UG,auto,urban,no,no,yes,15-01-2018
370,05-01-2018,07-01-2018,14-01-2018,female,44,yes,4,UG,auto,rural,no,yes,yes,17-01-2018
371,06-01-2018,09-01-2018,13-01-2018,male,56,yes,3,UG,auto,urban,no,yes,yes,15-01-2018
372,07-01-2018,10-01-2018,16-01-2018,male,31,yes,4,UG,home,rural,no,no,yes,17-01-2018
373,08-01-2018,10-01-2018,14-01-2018,female,56,yes,1,UG,home,urban,yes,no,yes,16-01-2018
374,09-01-2018,11-01-2018,17-01-2018,female,30,yes,4,UG,home,urban,no,no,yes,17-01-2018
375,10-01-2018,12-01-2018,18-01-2018,male,51,yes,4,UG,auto,urban,yes,yes,yes,22-01-2018
376,11-01-2018,13-01-2018,19-01-2018,male,60,yes,1,UG,home,urban,yes,yes,yes,19-01-2018
377,12-01-2018,13-01-2018,17-01-2018,female,31,yes,1,PG,home,urban,no,no,no,NA
378,13-01-2018,16-01-2018,22-01-2018,male,39,yes,3,PG,home,urban,yes,no,yes,28-01-2018
379,14-01-2018,17-01-2018,24-01-2018,male,45,yes,1,PG,auto,rural,yes,no,yes,31-01-2018
380,15-01-2018,17-01-2018,22-01-2018,male,38,yes,3,UG,auto,urban,no,no,yes,24-01-2018
381,16-01-2018,19-01-2018,24-01-2018,male,55,yes,2,UG,home,rural,no,yes,yes,28-01-2018
382,17-01-2018,20-01-2018,25-01-2018,female,31,yes,1,UG,auto,rural,no,yes,no,NA
383,18-01-2018,20-01-2018,24-01-2018,male,56,yes,4,UG,home,urban,yes,yes,yes,27-01-2018
384,19-01-2018,22-01-2018,28-01-2018,female,57,yes,3,PG,auto,rural,no,yes,yes,02-02-2018
385,20-01-2018,21-01-2018,26-01-2018,female,46,yes,4,UG,home,urban,no,no,yes,26-01-2018
386,21-01-2018,23-01-2018,27-01-2018,female,32,yes,2,UG,home,urban,no,yes,yes,28-01-2018
387,22-01-2018,25-01-2018,30-01-2018,female,35,yes,2,UG,home,rural,yes,yes,yes,01-02-2018
388,23-01-2018,24-01-2018,28-01-2018,male,30,no,0,UG,auto,urban,no,yes,no,NA
389,24-01-2018,27-01-2018,01-02-2018,female,54,yes,1,UG,auto,rural,no,yes,yes,02-02-2018
390,25-01-2018,27-01-2018,02-02-2018,male,51,yes,4,UG,auto,urban,no,yes,yes,07-02-2018
391,26-01-2018,29-01-2018,04-02-2018,female,59,yes,3,UG,auto,urban,yes,no,yes,10-02-2018
392,27-01-2018,30-01-2018,03-02-2018,male,56,yes,1,UG,home,urban,no,no,yes,06-02-2018
393,28-01-2018,30-01-2018,04-02-2018,female,55,yes,2,UG,home,rural,yes,no,yes,08-02-2018
394,29-01-2018,30-01-2018,03-02-2018,female,36,yes,1,UG,auto,rural,no,no,no,NA
395,30-01-2018,02-02-2018,08-02-2018,male,55,yes,0,UG,auto,urban,no,no,yes,11-02-2018
396,31-01-2018,03-02-2018,08-02-2018,male,57,yes,0,UG,home,urban,no,no,no,NA
397,01-02-2018,03-02-2018,10-02-2018,male,41,yes,1,UG,home,urban,yes,no,yes,14-02-2018
398,02-02-2018,05-02-2018,11-02-2018,female,53,yes,3,UG,auto,urban,no,yes,yes,17-02-2018
399,03-02-2018,05-02-2018,09-02-2018,female,36,yes,0,UG,auto,rural,no,yes,no,NA
400,04-02-2018,05-02-2018,11-02-2018,female,39,yes,0,UG,home,urban,yes,no,no,NA
401,05-02-2018,06-02-2018,11-02-2018,female,59,yes,3,UG,auto,rural,no,no,yes,16-02-2018
402,06-02-2018,08-02-2018,12-02-2018,male,59,yes,1,UG,auto,urban,yes,no,yes,13-02-2018
403,07-02-2018,08-02-2018,15-02-2018,male,57,yes,2,UG,auto,urban,no,yes,yes,18-02-2018
404,08-02-2018,10-02-2018,16-02-2018,male,52,yes,4,UG,auto,rural,yes,no,yes,18-02-2018
405,09-02-2018,11-02-2018,17-02-2018,female,41,yes,0,UG,auto,rural,yes,no,no,NA
406,10-02-2018,13-02-2018,17-02-2018,male,36,yes,0,UG,home,rural,yes,no,no,NA
407,11-02-2018,12-02-2018,19-02-2018,male,52,yes,0,UG,home,rural,yes,yes,yes,23-02-2018
408,12-02-2018,15-02-2018,19-02-2018,male,27,no,0,UG,home,rural,no,no,no,NA
409,13-02-2018,15-02-2018,20-02-2018,female,50,yes,1,UG,auto,urban,yes,yes,yes,21-02-2018
410,14-02-2018,15-02-2018,22-02-2018,female,60,yes,0,UG,auto,rural,no,no,no,NA
411,15-02-2018,17-02-2018,21-02-2018,female,31,yes,2,UG,home,urban,no,no,no,NA
412,16-02-2018,18-02-2018,24-02-2018,male,52,yes,1,UG,auto,urban,no,yes,yes,26-02-2018
413,17-02-2018,20-02-2018,27-02-2018,male,56,yes,3,UG,auto,rural,no,yes,yes,27-02-2018
414,18-02-2018,20-02-2018,27-02-2018,male,53,yes,1,UG,home,urban,no,no,yes,06-03-2018
415,19-02-2018,22-02-2018,01-03-2018,female,30,no,1,UG,home,rural,no,yes,no,NA
416,20-02-2018,22-02-2018,27-02-2018,female,48,yes,1,UG,auto,rural,no,no,no,NA
417,21-02-2018,22-02-2018,26-02-2018,male,55,yes,4,UG,home,urban,no,yes,yes,28-02-2018
418,22-02-2018,24-02-2018,01-03-2018,male,58,yes,2,UG,home,urban,yes,yes,yes,04-03-2018
419,23-02-2018,25-02-2018,03-03-2018,male,42,yes,0,UG,home,urban,no,no,no,NA
420,24-02-2018,26-02-2018,05-03-2018,female,56,yes,4,UG,home,rural,no,yes,yes,05-03-2018
421,25-02-2018,28-02-2018,05-03-2018,male,38,yes,1,UG,home,urban,yes,yes,yes,05-03-2018
422,26-02-2018,28-02-2018,05-03-2018,male,37,yes,3,UG,home,rural,no,yes,yes,10-03-2018
423,27-02-2018,28-02-2018,06-03-2018,female,44,yes,2,UG,home,urban,no,no,yes,11-03-2018
424,28-02-2018,02-03-2018,07-03-2018,male,52,yes,1,UG,auto,urban,yes,yes,yes,10-03-2018
425,01-03-2018,02-03-2018,06-03-2018,female,48,yes,2,UG,home,rural,no,yes,yes,08-03-2018
426,02-03-2018,03-03-2018,07-03-2018,male,40,yes,3,UG,auto,rural,yes,no,yes,09-03-2018
427,03-03-2018,05-03-2018,09-03-2018,female,30,no,1,UG,home,urban,no,no,no,NA
428,04-03-2018,07-03-2018,13-03-2018,female,27,yes,1,PG,home,rural,yes,no,no,NA
429,05-03-2018,08-03-2018,13-03-2018,female,29,yes,1,UG,auto,rural,yes,no,no,NA
430,06-03-2018,07-03-2018,13-03-2018,female,59,yes,1,UG,auto,rural,yes,no,yes,15-03-2018
431,07-03-2018,09-03-2018,13-03-2018,male,46,yes,4,UG,auto,rural,yes,yes,yes,13-03-2018
432,08-03-2018,10-03-2018,17-03-2018,female,38,yes,0,UG,auto,rural,no,no,no,NA
433,09-03-2018,11-03-2018,16-03-2018,male,29,yes,1,UG,auto,urban,yes,yes,yes,20-03-2018
434,10-03-2018,11-03-2018,18-03-2018,female,28,yes,3,UG,auto,urban,yes,no,yes,23-03-2018
435,11-03-2018,13-03-2018,20-03-2018,female,58,yes,1,UG,home,rural,yes,yes,yes,24-03-2018
436,12-03-2018,14-03-2018,19-03-2018,male,37,yes,0,UG,auto,urban,no,yes,yes,21-03-2018
437,13-03-2018,15-03-2018,22-03-2018,female,59,yes,0,UG,home,rural,yes,no,no,NA
438,14-03-2018,15-03-2018,22-03-2018,male,42,yes,1,UG,home,rural,no,yes,yes,29-03-2018
439,15-03-2018,17-03-2018,24-03-2018,male,57,yes,4,UG,home,rural,yes,no,yes,29-03-2018
440,16-03-2018,17-03-2018,24-03-2018,female,50,yes,1,PG,auto,rural,no,no,yes,27-03-2018
441,17-03-2018,20-03-2018,26-03-2018,male,30,yes,2,UG,auto,urban,no,no,yes,26-03-2018
442,18-03-2018,20-03-2018,25-03-2018,female,31,yes,3,PG,auto,rural,no,yes,yes,27-03-2018
443,19-03-2018,21-03-2018,28-03-2018,male,49,yes,3,UG,auto,rural,yes,no,yes,28-03-2018
444,20-03-2018,23-03-2018,29-03-2018,male,45,yes,1,UG,auto,urban,yes,yes,yes,04-04-2018
445,21-03-2018,22-03-2018,27-03-2018,female,43,yes,3,UG,auto,rural,yes,yes,yes,30-03-2018
446,22-03-2018,24-03-2018,29-03-2018,female,51,yes,0,UG,home,rural,no,yes,no,NA
447,23-03-2018,25-03-2018,29-03-2018,male,31,yes,3,UG,auto,urban,no,no,yes,30-03-2018
448,24-03-2018,25-03-2018,01-04-2018,female,47,yes,0,UG,home,rural,yes,no,no,NA
449,25-03-2018,27-03-2018,01-04-2018,male,60,yes,4,UG,home,rural,yes,yes,yes,05-04-2018
450,26-03-2018,29-03-2018,04-04-2018,male,51,yes,3,UG,auto,urban,yes,no,yes,08-04-2018
451,27-03-2018,28-03-2018,03-04-2018,male,27,no,2,UG,auto,rural,no,yes,yes,05-04-2018
452,28-03-2018,30-03-2018,06-04-2018,female,44,yes,0,UG,home,rural,yes,yes,no,NA
453,29-03-2018,01-04-2018,08-04-2018,female,45,yes,1,UG,home,rural,no,no,no,NA
454,30-03-2018,02-04-2018,06-04-2018,male,46,yes,1,UG,home,urban,no,no,yes,10-04-2018
455,31-03-2018,01-04-2018,06-04-2018,female,30,no,2,UG,home,urban,no,no,no,NA
456,01-04-2018,03-04-2018,07-04-2018,male,45,yes,0,UG,home,urban,yes,no,yes,11-04-2018
457,02-04-2018,04-04-2018,10-04-2018,male,30,no,1,UG,auto,rural,no,yes,no,NA
458,03-04-2018,06-04-2018,10-04-2018,female,57,yes,4,UG,auto,rural,yes,no,yes,13-04-2018
459,04-04-2018,05-04-2018,09-04-2018,male,31,yes,3,UG,home,urban,no,no,yes,09-04-2018
460,05-04-2018,07-04-2018,14-04-2018,male,36,yes,3,UG,home,rural,no,yes,yes,14-04-2018
461,06-04-2018,08-04-2018,14-04-2018,male,43,yes,4,UG,auto,rural,no,yes,yes,15-04-2018
462,07-04-2018,08-04-2018,13-04-2018,male,28,no,2,UG,home,urban,yes,no,yes,13-04-2018
463,08-04-2018,10-04-2018,15-04-2018,female,29,no,2,UG,auto,rural,no,yes,no,NA
464,09-04-2018,11-04-2018,16-04-2018,male,49,yes,4,UG,home,urban,yes,no,yes,19-04-2018
465,10-04-2018,11-04-2018,18-04-2018,male,60,yes,2,UG,auto,urban,yes,yes,yes,19-04-2018
466,11-04-2018,13-04-2018,17-04-2018,male,48,yes,0,UG,auto,rural,yes,yes,yes,19-04-2018
467,12-04-2018,14-04-2018,20-04-2018,male,40,yes,4,UG,auto,rural,yes,yes,yes,22-04-2018
468,13-04-2018,16-04-2018,21-04-2018,male,40,yes,4,UG,home,rural,yes,yes,yes,21-04-2018
469,14-04-2018,17-04-2018,23-04-2018,male,39,yes,2,UG,home,rural,no,no,yes,23-04-2018
470,15-04-2018,17-04-2018,21-04-2018,male,46,yes,2,UG,home,rural,no,no,yes,25-04-2018
471,16-04-2018,17-04-2018,24-04-2018,male,35,yes,4,UG,home,rural,no,no,yes,29-04-2018
472,17-04-2018,19-04-2018,26-04-2018,male,33,yes,4,UG,auto,rural,no,yes,yes,03-05-2018
473,18-04-2018,19-04-2018,24-04-2018,male,60,yes,4,UG,auto,rural,no,yes,yes,29-04-2018
474,19-04-2018,21-04-2018,26-04-2018,female,48,yes,1,UG,home,rural,yes,no,no,NA
475,20-04-2018,23-04-2018,27-04-2018,male,35,yes,1,UG,home,rural,yes,yes,yes,28-04-2018
476,21-04-2018,23-04-2018,28-04-2018,female,42,yes,1,UG,home,rural,yes,yes,yes,28-04-2018
477,22-04-2018,23-04-2018,29-04-2018,male,29,no,2,UG,home,rural,no,yes,no,NA
478,23-04-2018,26-04-2018,01-05-2018,female,41,yes,3,UG,home,urban,no,no,yes,02-05-2018
479,24-04-2018,25-04-2018,30-04-2018,female,49,yes,1,UG,home,urban,yes,yes,yes,02-05-2018
480,25-04-2018,26-04-2018,30-04-2018,female,43,yes,3,UG,home,rural,yes,no,yes,04-05-2018
481,26-04-2018,29-04-2018,04-05-2018,male,57,yes,3,UG,home,urban,no,yes,yes,08-05-2018
482,27-04-2018,30-04-2018,07-05-2018,male,53,yes,1,UG,home,rural,yes,yes,yes,14-05-2018
483,28-04-2018,30-04-2018,07-05-2018,male,58,yes,4,UG,home,urban,no,no,yes,11-05-2018
484,29-04-2018,02-05-2018,07-05-2018,male,33,yes,1,UG,home,rural,yes,yes,yes,10-05-2018
485,30-04-2018,03-05-2018,08-05-2018,female,49,yes,0,PG,home,urban,yes,no,yes,09-05-2018
486,01-05-2018,03-05-2018,10-05-2018,female,27,no,2,PG,home,urban,no,no,no,NA
487,02-05-2018,03-05-2018,10-05-2018,female,34,yes,4,UG,home,urban,yes,yes,yes,10-05-2018
488,03-05-2018,05-05-2018,12-05-2018,male,58,yes,3,UG,auto,rural,yes,yes,yes,14-05-2018
489,04-05-2018,05-05-2018,12-05-2018,male,44,yes,2,UG,home,urban,yes,yes,yes,18-05-2018
490,05-05-2018,06-05-2018,11-05-2018,male,35,yes,1,UG,auto,urban,no,yes,yes,16-05-2018
491,06-05-2018,09-05-2018,13-05-2018,female,57,yes,3,UG,home,urban,yes,no,yes,16-05-2018
492,07-05-2018,08-05-2018,15-05-2018,female,55,yes,1,UG,home,rural,no,no,no,NA
493,08-05-2018,09-05-2018,13-05-2018,female,44,yes,4,PG,auto,rural,yes,no,yes,13-05-2018
494,09-05-2018,10-05-2018,17-05-2018,male,27,yes,1,UG,auto,rural,yes,no,yes,24-05-2018
495,10-05-2018,12-05-2018,16-05-2018,female,58,yes,2,UG,home,urban,no,no,yes,19-05-2018
496,11-05-2018,12-05-2018,16-05-2018,male,43,yes,4,PG,auto,urban,no,no,yes,19-05-2018
497,12-05-2018,13-05-2018,20-05-2018,female,33,yes,0,UG,home,urban,no,no,no,NA
498,13-05-2018,14-05-2018,20-05-2018,female,39,yes,1,UG,home,rural,no,no,no,NA
499,14-05-2018,15-05-2018,22-05-2018,male,39,yes,4,UG,home,rural,yes,no,yes,25-05-2018
500,15-05-2018,17-05-2018,21-05-2018,male,45,yes,0,UG,auto,rural,yes,yes,yes,23-05-2018
501,16-05-2018,19-05-2018,24-05-2018,male,48,yes,0,UG,auto,urban,yes,yes,yes,29-05-2018
502,17-05-2018,19-05-2018,26-05-2018,male,55,yes,2,UG,auto,rural,yes,no,yes,29-05-2018
503,18-05-2018,20-05-2018,24-05-2018,male,58,yes,0,PG,auto,rural,no,yes,yes,24-05-2018
504,19-05-2018,22-05-2018,27-05-2018,female,55,yes,2,PG,home,urban,no,yes,yes,31-05-2018
505,20-05-2018,22-05-2018,26-05-2018,female,47,yes,3,UG,home,rural,no,no,yes,28-05-2018
506,21-05-2018,24-05-2018,30-05-2018,female,51,yes,0,UG,auto,urban,no,yes,yes,02-06-2018
507,22-05-2018,23-05-2018,29-05-2018,male,43,yes,0,UG,auto,urban,no,no,yes,29-05-2018
508,23-05-2018,25-05-2018,01-06-2018,female,54,yes,3,UG,auto,urban,no,yes,yes,06-06-2018
509,24-05-2018,26-05-2018,02-06-2018,female,31,yes,3,UG,auto,urban,no,no,yes,04-06-2018
510,25-05-2018,28-05-2018,03-06-2018,female,38,yes,4,UG,home,urban,no,yes,yes,09-06-2018
511,26-05-2018,28-05-2018,01-06-2018,male,34,yes,1,UG,home,rural,no,yes,no,NA
512,27-05-2018,29-05-2018,05-06-2018,female,59,yes,3,UG,auto,rural,yes,yes,yes,10-06-2018
513,28-05-2018,30-05-2018,05-06-2018,male,60,yes,0,UG,auto,rural,yes,yes,yes,10-06-2018
514,29-05-2018,31-05-2018,06-06-2018,male,60,yes,0,UG,home,rural,yes,yes,yes,11-06-2018
515,30-05-2018,31-05-2018,07-06-2018,female,47,yes,4,UG,auto,rural,no,no,yes,10-06-2018
516,31-05-2018,01-06-2018,06-06-2018,male,45,yes,0,UG,auto,urban,yes,no,yes,11-06-2018
517,01-06-2018,03-06-2018,10-06-2018,female,29,yes,1,UG,home,rural,yes,yes,no,NA
518,02-06-2018,04-06-2018,11-06-2018,male,59,yes,4,UG,auto,rural,yes,no,yes,13-06-2018
519,03-06-2018,05-06-2018,10-06-2018,male,40,yes,2,UG,home,urban,yes,no,yes,15-06-2018
520,04-06-2018,05-06-2018,11-06-2018,male,44,yes,0,UG,auto,urban,no,yes,yes,16-06-2018
521,05-06-2018,08-06-2018,12-06-2018,male,58,yes,3,UG,auto,urban,no,yes,yes,16-06-2018
522,06-06-2018,09-06-2018,16-06-2018,female,48,yes,0,UG,auto,rural,no,no,no,NA
523,07-06-2018,09-06-2018,15-06-2018,female,48,yes,0,UG,auto,urban,yes,no,yes,21-06-2018
524,08-06-2018,10-06-2018,17-06-2018,male,56,yes,4,UG,auto,rural,no,no,yes,18-06-2018
525,09-06-2018,12-06-2018,16-06-2018,female,43,yes,0,UG,auto,urban,no,no,no,NA
526,10-06-2018,13-06-2018,18-06-2018,male,46,yes,4,UG,home,urban,yes,yes,yes,22-06-2018
527,11-06-2018,12-06-2018,18-06-2018,male,46,yes,4,UG,auto,rural,no,yes,yes,24-06-2018
528,12-06-2018,14-06-2018,18-06-2018,male,53,yes,1,UG,auto,rural,yes,no,yes,21-06-2018
529,13-06-2018,15-06-2018,22-06-2018,female,39,yes,2,UG,home,urban,no,no,yes,22-06-2018
530,14-06-2018,15-06-2018,22-06-2018,male,39,yes,1,UG,home,rural,no,no,no,NA
531,15-06-2018,16-06-2018,23-06-2018,male,52,yes,0,UG,auto,urban,no,no,yes,26-06-2018
532,16-06-2018,18-06-2018,25-06-2018,male,54,yes,1,UG,home,rural,no,yes,yes,01-07-2018
533,17-06-2018,20-06-2018,25-06-2018,male,49,yes,0,UG,auto,rural,no,yes,yes,26-06-2018
534,18-06-2018,21-06-2018,28-06-2018,female,38,yes,2,UG,home,urban,no,no,yes,29-06-2018
535,19-06-2018,20-06-2018,25-06-2018,male,38,yes,4,PG,home,rural,yes,yes,yes,27-06-2018
536,20-06-2018,23-06-2018,30-06-2018,male,49,yes,1,UG,home,rural,yes,yes,yes,30-06-2018
537,21-06-2018,23-06-2018,27-06-2018,male,40,yes,1,UG,auto,rural,no,no,yes,29-06-2018
538,22-06-2018,24-06-2018,30-06-2018,female,35,yes,1,UG,home,urban,no,no,no,NA
539,23-06-2018,25-06-2018,01-07-2018,female,48,yes,1,UG,home,rural,no,no,no,NA
540,24-06-2018,26-06-2018,01-07-2018,female,40,yes,3,UG,home,urban,no,no,yes,05-07-2018
541,25-06-2018,27-06-2018,03-07-2018,male,50,yes,4,PG,home,urban,no,no,yes,09-07-2018
542,26-06-2018,27-06-2018,01-07-2018,female,54,yes,3,UG,home,urban,yes,yes,yes,01-07-2018
543,27-06-2018,28-06-2018,05-07-2018,male,31,yes,4,UG,auto,rural,yes,yes,yes,05-07-2018
544,28-06-2018,30-06-2018,06-07-2018,female,34,yes,1,UG,home,rural,no,no,no,NA
545,29-06-2018,02-07-2018,06-07-2018,female,56,yes,0,UG,auto,rural,no,no,no,NA
546,30-06-2018,03-07-2018,07-07-2018,male,48,yes,1,UG,auto,rural,no,no,yes,10-07-2018
547,01-07-2018,04-07-2018,11-07-2018,female,57,yes,3,PG,auto,urban,yes,yes,yes,13-07-2018
548,02-07-2018,03-07-2018,08-07-2018,male,55,yes,0,UG,auto,urban,no,yes,yes,08-07-2018
549,03-07-2018,06-07-2018,10-07-2018,male,33,yes,2,UG,home,rural,yes,no,yes,12-07-2018
550,04-07-2018,06-07-2018,12-07-2018,female,29,yes,4,UG,home,urban,no,yes,yes,17-07-2018
551,05-07-2018,06-07-2018,12-07-2018,male,45,yes,2,PG,auto,urban,yes,yes,yes,14-07-2018
552,06-07-2018,08-07-2018,14-07-2018,male,37,yes,3,UG,auto,urban,no,no,yes,15-07-2018
553,07-07-2018,08-07-2018,13-07-2018,male,31,yes,2,UG,home,urban,yes,no,yes,15-07-2018
554,08-07-2018,11-07-2018,15-07-2018,female,55,yes,1,UG,home,urban,yes,no,yes,18-07-2018
555,09-07-2018,12-07-2018,19-07-2018,female,48,yes,1,UG,home,rural,no,no,no,NA
556,10-07-2018,11-07-2018,17-07-2018,female,53,yes,4,UG,home,urban,no,yes,yes,20-07-2018
557,11-07-2018,12-07-2018,19-07-2018,female,49,yes,3,UG,auto,rural,no,no,yes,22-07-2018
558,12-07-2018,15-07-2018,19-07-2018,female,42,yes,2,UG,auto,urban,yes,no,yes,23-07-2018
559,13-07-2018,16-07-2018,22-07-2018,female,47,yes,1,UG,auto,urban,yes,no,yes,25-07-2018
560,14-07-2018,15-07-2018,19-07-2018,female,56,yes,4,UG,home,rural,yes,yes,yes,23-07-2018
561,15-07-2018,18-07-2018,24-07-2018,female,43,yes,3,UG,auto,urban,yes,yes,yes,27-07-2018
562,16-07-2018,19-07-2018,26-07-2018,male,36,yes,2,UG,auto,rural,yes,yes,yes,01-08-2018
563,17-07-2018,19-07-2018,26-07-2018,male,51,yes,2,UG,auto,rural,yes,yes,yes,27-07-2018
564,18-07-2018,21-07-2018,26-07-2018,female,48,yes,1,UG,auto,rural,no,no,no,NA
565,19-07-2018,21-07-2018,28-07-2018,male,52,yes,2,UG,home,urban,no,no,yes,28-07-2018
566,20-07-2018,23-07-2018,27-07-2018,male,53,yes,0,UG,auto,urban,no,yes,yes,29-07-2018
567,21-07-2018,24-07-2018,31-07-2018,female,57,yes,1,UG,home,rural,no,no,no,NA
568,22-07-2018,23-07-2018,30-07-2018,male,31,yes,2,UG,auto,urban,no,yes,yes,31-07-2018
569,23-07-2018,26-07-2018,01-08-2018,female,34,yes,4,UG,home,urban,no,no,yes,01-08-2018
570,24-07-2018,25-07-2018,01-08-2018,male,42,yes,1,PG,auto,urban,no,yes,yes,03-08-2018
571,25-07-2018,26-07-2018,02-08-2018,female,46,yes,2,UG,auto,rural,no,no,yes,07-08-2018
572,26-07-2018,28-07-2018,03-08-2018,male,48,yes,2,UG,home,urban,no,yes,yes,06-08-2018
573,27-07-2018,30-07-2018,05-08-2018,male,31,yes,0,UG,auto,rural,no,no,no,NA
574,28-07-2018,30-07-2018,05-08-2018,male,34,yes,2,UG,home,urban,yes,yes,yes,08-08-2018
575,29-07-2018,01-08-2018,08-08-2018,female,50,yes,3,UG,home,rural,yes,yes,yes,13-08-2018
576,30-07-2018,02-08-2018,08-08-2018,female,45,yes,3,UG,home,rural,yes,no,yes,11-08-2018
577,31-07-2018,02-08-2018,08-08-2018,male,28,no,0,UG,auto,urban,yes,yes,yes,14-08-2018
578,01-08-2018,02-08-2018,08-08-2018,female,48,yes,3,UG,home,urban,yes,yes,yes,13-08-2018
579,02-08-2018,04-08-2018,10-08-2018,female,48,yes,4,UG,home,rural,yes,yes,yes,11-08-2018
580,03-08-2018,05-08-2018,11-08-2018,female,35,yes,4,UG,home,rural,no,no,yes,15-08-2018
581,04-08-2018,07-08-2018,14-08-2018,female,46,yes,0,UG,home,urban,no,yes,no,NA
582,05-08-2018,06-08-2018,12-08-2018,female,28,no,1,UG,home,rural,no,no,no,NA
583,06-08-2018,09-08-2018,13-08-2018,male,47,yes,0,UG,auto,urban,no,yes,yes,16-08-2018
584,07-08-2018,08-08-2018,15-08-2018,male,40,yes,0,UG,auto,urban,no,yes,yes,19-08-2018
585,08-08-2018,11-08-2018,18-08-2018,male,58,yes,0,UG,home,urban,yes,yes,yes,24-08-2018
586,09-08-2018,10-08-2018,14-08-2018,female,49,yes,3,UG,auto,urban,yes,no,yes,15-08-2018
587,10-08-2018,12-08-2018,16-08-2018,female,51,yes,0,UG,auto,rural,no,no,no,NA
588,11-08-2018,14-08-2018,20-08-2018,female,48,yes,1,UG,home,rural,no,no,no,NA
589,12-08-2018,13-08-2018,19-08-2018,male,58,yes,1,UG,auto,urban,yes,no,yes,23-08-2018
590,13-08-2018,15-08-2018,21-08-2018,female,38,yes,4,UG,auto,urban,no,no,yes,23-08-2018
591,14-08-2018,16-08-2018,21-08-2018,female,39,yes,3,UG,home,rural,no,yes,yes,23-08-2018
592,15-08-2018,17-08-2018,23-08-2018,male,60,yes,0,PG,home,rural,no,yes,yes,28-08-2018
593,16-08-2018,19-08-2018,24-08-2018,female,52,yes,1,UG,auto,rural,no,no,no,NA
594,17-08-2018,19-08-2018,24-08-2018,female,59,yes,0,UG,home,urban,yes,yes,yes,28-08-2018
595,18-08-2018,21-08-2018,26-08-2018,male,50,yes,0,UG,auto,urban,no,yes,yes,31-08-2018
596,19-08-2018,21-08-2018,26-08-2018,female,57,yes,3,UG,auto,urban,no,no,yes,26-08-2018
597,20-08-2018,21-08-2018,27-08-2018,female,39,yes,3,UG,auto,urban,yes,no,yes,27-08-2018
598,21-08-2018,24-08-2018,30-08-2018,female,59,yes,4,UG,auto,rural,no,no,yes,04-09-2018
599,22-08-2018,25-08-2018,31-08-2018,male,43,yes,1,UG,home,urban,no,no,yes,03-09-2018
600,23-08-2018,26-08-2018,30-08-2018,female,56,yes,3,PG,auto,urban,no,no,yes,02-09-2018
601,24-08-2018,25-08-2018,31-08-2018,male,30,no,1,UG,home,rural,yes,no,no,NA
602,25-08-2018,28-08-2018,04-09-2018,male,39,yes,3,UG,auto,urban,yes,no,yes,09-09-2018
603,26-08-2018,27-08-2018,02-09-2018,male,32,yes,4,UG,home,urban,no,yes,yes,06-09-2018
604,27-08-2018,29-08-2018,05-09-2018,female,29,no,1,UG,home,rural,yes,yes,no,NA
605,28-08-2018,29-08-2018,03-09-2018,female,45,yes,0,UG,home,urban,yes,no,no,NA
606,29-08-2018,31-08-2018,07-09-2018,male,45,yes,2,PG,auto,urban,yes,yes,yes,12-09-2018
607,30-08-2018,31-08-2018,07-09-2018,male,58,yes,3,UG,auto,rural,yes,no,yes,11-09-2018
608,31-08-2018,02-09-2018,09-09-2018,female,42,yes,1,UG,home,urban,yes,no,yes,11-09-2018
609,01-09-2018,03-09-2018,10-09-2018,male,30,no,2,UG,auto,urban,yes,yes,yes,10-09-2018
610,02-09-2018,04-09-2018,08-09-2018,male,36,yes,1,UG,home,urban,yes,yes,yes,10-09-2018
611,03-09-2018,04-09-2018,10-09-2018,female,27,no,2,UG,home,urban,no,no,no,NA
612,04-09-2018,07-09-2018,13-09-2018,male,37,yes,3,UG,auto,urban,no,no,yes,18-09-2018
613,05-09-2018,06-09-2018,11-09-2018,female,40,yes,4,UG,home,rural,yes,no,yes,11-09-2018
614,06-09-2018,09-09-2018,14-09-2018,female,28,no,2,UG,home,urban,yes,no,no,NA
615,07-09-2018,08-09-2018,14-09-2018,male,43,yes,4,UG,auto,rural,yes,no,yes,17-09-2018
616,08-09-2018,09-09-2018,15-09-2018,female,31,yes,2,UG,home,urban,no,yes,yes,21-09-2018
617,09-09-2018,12-09-2018,18-09-2018,male,56,yes,1,UG,auto,rural,no,yes,yes,18-09-2018
618,10-09-2018,11-09-2018,16-09-2018,male,30,no,2,UG,auto,urban,yes,no,yes,21-09-2018
619,11-09-2018,13-09-2018,17-09-2018,male,44,yes,3,PG,home,urban,no,yes,yes,19-09-2018
620,12-09-2018,14-09-2018,18-09-2018,female,59,yes,3,UG,auto,rural,no,yes,yes,22-09-2018
621,13-09-2018,15-09-2018,20-09-2018,male,49,yes,4,UG,home,urban,no,yes,yes,24-09-2018
622,14-09-2018,17-09-2018,23-09-2018,male,59,yes,1,UG,auto,rural,no,yes,yes,29-09-2018
623,15-09-2018,17-09-2018,23-09-2018,female,40,yes,2,UG,auto,rural,no,yes,yes,23-09-2018
624,16-09-2018,19-09-2018,26-09-2018,male,51,yes,3,PG,auto,urban,yes,no,yes,28-09-2018
625,17-09-2018,18-09-2018,22-09-2018,female,39,yes,4,UG,home,rural,yes,yes,yes,24-09-2018
626,18-09-2018,21-09-2018,27-09-2018,male,54,yes,4,UG,home,urban,no,no,yes,29-09-2018
627,19-09-2018,22-09-2018,29-09-2018,male,49,yes,0,UG,home,urban,no,yes,yes,29-09-2018
628,20-09-2018,22-09-2018,27-09-2018,female,29,yes,3,UG,auto,rural,yes,yes,yes,28-09-2018
629,21-09-2018,23-09-2018,30-09-2018,male,45,yes,4,UG,home,urban,no,no,yes,04-10-2018
630,22-09-2018,23-09-2018,28-09-2018,male,29,no,1,UG,auto,urban,yes,no,yes,28-09-2018
631,23-09-2018,26-09-2018,03-10-2018,female,29,yes,3,UG,auto,rural,yes,yes,yes,07-10-2018
632,24-09-2018,25-09-2018,30-09-2018,male,41,yes,3,UG,auto,urban,yes,yes,yes,05-10-2018
633,25-09-2018,26-09-2018,02-10-2018,male,35,yes,1,PG,auto,urban,no,no,yes,07-10-2018
634,26-09-2018,28-09-2018,04-10-2018,female,55,yes,3,UG,home,urban,yes,yes,yes,05-10-2018
635,27-09-2018,28-09-2018,04-10-2018,female,36,yes,3,UG,auto,rural,yes,yes,yes,06-10-2018
636,28-09-2018,29-09-2018,04-10-2018,female,27,yes,1,UG,auto,rural,yes,yes,yes,07-10-2018
637,29-09-2018,02-10-2018,06-10-2018,female,41,yes,1,UG,home,rural,no,yes,no,NA
638,30-09-2018,01-10-2018,08-10-2018,female,47,yes,4,UG,home,rural,yes,yes,yes,13-10-2018
639,01-10-2018,03-10-2018,07-10-2018,female,33,yes,2,UG,home,rural,yes,yes,yes,07-10-2018
640,02-10-2018,03-10-2018,09-10-2018,female,59,yes,2,UG,auto,urban,no,no,yes,15-10-2018
641,03-10-2018,04-10-2018,08-10-2018,male,51,yes,0,UG,auto,urban,yes,yes,yes,10-10-2018
642,04-10-2018,05-10-2018,09-10-2018,female,53,yes,3,UG,home,rural,yes,yes,yes,13-10-2018
643,05-10-2018,06-10-2018,11-10-2018,female,53,yes,1,UG,home,urban,yes,yes,yes,15-10-2018
644,06-10-2018,09-10-2018,16-10-2018,male,42,yes,4,UG,home,urban,yes,no,yes,17-10-2018
645,07-10-2018,10-10-2018,16-10-2018,female,43,yes,4,UG,home,rural,yes,yes,yes,18-10-2018
646,08-10-2018,09-10-2018,16-10-2018,male,52,yes,1,PG,auto,rural,no,no,yes,19-10-2018
647,09-10-2018,12-10-2018,16-10-2018,female,52,yes,0,UG,home,rural,yes,yes,no,NA
648,10-10-2018,13-10-2018,18-10-2018,male,39,yes,3,UG,auto,rural,no,yes,yes,21-10-2018
649,11-10-2018,14-10-2018,18-10-2018,female,27,no,1,UG,home,rural,no,yes,no,NA
650,12-10-2018,15-10-2018,20-10-2018,female,60,yes,3,UG,auto,urban,yes,no,yes,21-10-2018
651,13-10-2018,16-10-2018,20-10-2018,female,59,yes,0,UG,auto,rural,yes,no,no,NA
652,14-10-2018,16-10-2018,22-10-2018,female,56,yes,3,UG,home,rural,no,no,yes,27-10-2018
653,15-10-2018,16-10-2018,23-10-2018,female,51,yes,0,UG,home,rural,no,yes,no,NA
654,16-10-2018,17-10-2018,24-10-2018,female,27,no,2,UG,home,rural,no,no,no,NA
655,17-10-2018,20-10-2018,27-10-2018,male,35,yes,4,UG,home,urban,no,yes,yes,27-10-2018
656,18-10-2018,19-10-2018,25-10-2018,female,43,yes,0,UG,home,urban,yes,yes,yes,29-10-2018
657,19-10-2018,21-10-2018,27-10-2018,male,51,yes,2,UG,home,rural,no,no,yes,01-11-2018
658,20-10-2018,23-10-2018,30-10-2018,male,48,yes,1,UG,home,urban,no,yes,yes,03-11-2018
659,21-10-2018,22-10-2018,29-10-2018,male,53,yes,4,UG,home,urban,no,yes,yes,01-11-2018
660,22-10-2018,25-10-2018,29-10-2018,male,46,yes,4,UG,auto,urban,yes,yes,yes,02-11-2018
661,23-10-2018,25-10-2018,29-10-2018,male,60,yes,3,PG,home,rural,no,no,yes,01-11-2018
662,24-10-2018,25-10-2018,29-10-2018,male,38,yes,4,UG,auto,rural,yes,no,yes,29-10-2018
663,25-10-2018,26-10-2018,30-10-2018,male,34,yes,4,UG,home,urban,yes,no,yes,31-10-2018
664,26-10-2018,29-10-2018,04-11-2018,female,39,yes,4,UG,home,urban,yes,no,yes,07-11-2018
665,27-10-2018,29-10-2018,05-11-2018,female,58,yes,3,UG,auto,rural,no,no,yes,05-11-2018
666,28-10-2018,30-10-2018,05-11-2018,male,46,yes,1,UG,auto,rural,yes,yes,yes,11-11-2018
667,29-10-2018,01-11-2018,07-11-2018,male,56,yes,4,UG,home,rural,yes,no,yes,07-11-2018
668,30-10-2018,31-10-2018,04-11-2018,female,41,yes,0,UG,home,urban,no,no,no,NA
669,31-10-2018,02-11-2018,07-11-2018,female,59,yes,3,UG,home,urban,yes,yes,yes,08-11-2018
670,01-11-2018,03-11-2018,07-11-2018,female,40,yes,4,UG,home,urban,no,yes,yes,11-11-2018
671,02-11-2018,05-11-2018,12-11-2018,male,36,yes,2,UG,home,rural,yes,no,yes,17-11-2018
672,03-11-2018,05-11-2018,12-11-2018,male,42,yes,3,UG,home,urban,no,no,yes,16-11-2018
673,04-11-2018,05-11-2018,10-11-2018,female,31,yes,4,UG,auto,rural,yes,no,yes,12-11-2018
674,05-11-2018,08-11-2018,12-11-2018,male,52,yes,0,UG,home,urban,yes,yes,yes,15-11-2018
675,06-11-2018,07-11-2018,11-11-2018,female,30,no,0,UG,auto,urban,yes,no,no,NA
676,07-11-2018,08-11-2018,14-11-2018,female,35,yes,1,UG,auto,urban,no,no,no,NA
677,08-11-2018,09-11-2018,13-11-2018,female,36,yes,4,UG,home,rural,yes,yes,yes,14-11-2018
678,09-11-2018,11-11-2018,16-11-2018,female,39,yes,0,UG,auto,urban,no,yes,yes,20-11-2018
679,10-11-2018,11-11-2018,15-11-2018,female,55,yes,2,UG,home,urban,no,yes,yes,19-11-2018
680,11-11-2018,12-11-2018,19-11-2018,female,40,yes,2,UG,home,urban,no,yes,yes,24-11-2018
681,12-11-2018,13-11-2018,20-11-2018,male,32,yes,2,UG,auto,urban,no,yes,yes,24-11-2018
682,13-11-2018,16-11-2018,23-11-2018,male,50,yes,0,UG,auto,urban,yes,no,yes,30-11-2018
683,14-11-2018,16-11-2018,22-11-2018,female,56,yes,0,PG,auto,urban,yes,yes,yes,28-11-2018
684,15-11-2018,16-11-2018,23-11-2018,male,42,yes,2,UG,home,rural,no,yes,yes,23-11-2018
685,16-11-2018,19-11-2018,25-11-2018,female,31,yes,3,UG,auto,rural,yes,yes,yes,25-11-2018
686,17-11-2018,20-11-2018,27-11-2018,male,41,yes,0,UG,auto,urban,yes,yes,yes,03-12-2018
687,18-11-2018,20-11-2018,25-11-2018,female,47,yes,3,UG,home,urban,no,no,yes,27-11-2018
688,19-11-2018,20-11-2018,27-11-2018,male,45,yes,2,UG,auto,urban,yes,yes,yes,04-12-2018
689,20-11-2018,21-11-2018,27-11-2018,male,27,yes,1,UG,home,urban,yes,no,yes,29-11-2018
690,21-11-2018,24-11-2018,30-11-2018,female,49,yes,2,UG,auto,urban,no,yes,yes,04-12-2018
691,22-11-2018,24-11-2018,30-11-2018,female,60,yes,0,UG,auto,urban,yes,no,yes,06-12-2018
692,23-11-2018,25-11-2018,30-11-2018,male,35,yes,4,UG,auto,rural,yes,yes,yes,05-12-2018
693,24-11-2018,25-11-2018,29-11-2018,male,53,yes,2,UG,auto,rural,yes,no,yes,01-12-2018
694,25-11-2018,28-11-2018,03-12-2018,male,46,yes,3,UG,home,urban,yes,no,yes,05-12-2018
695,26-11-2018,28-11-2018,05-12-2018,female,59,yes,1,PG,home,urban,yes,yes,yes,05-12-2018
696,27-11-2018,30-11-2018,07-12-2018,male,38,yes,3,UG,home,urban,yes,no,yes,08-12-2018
697,28-11-2018,01-12-2018,06-12-2018,male,50,yes,4,UG,auto,urban,no,yes,yes,09-12-2018
698,29-11-2018,02-12-2018,07-12-2018,female,37,yes,3,UG,home,urban,no,no,yes,10-12-2018
699,30-11-2018,03-12-2018,07-12-2018,male,37,yes,0,UG,auto,urban,yes,no,yes,07-12-2018
